{"cameraMode":{"drawMode":0,"name":"Shaded","section":"Shading Mode"},"sceneLighting":false,"audioPlay":false,"sceneViewState":{"showFog":false,"showMaterialUpdate":false,"showSkybox":false,"showFlares":false,"showImageEffects":false,"showParticleSystems":false},"in2DMode":false,"pivot":{"x":0.0,"y":1.5999999046325684,"z":0.06000000238418579},"rotation":{"x":-0.15139393508434297,"y":0.7000829577445984,"z":-0.15581746399402619,"w":-0.6802092790603638},"size":2.8578836917877199,"orthographic":false}