{"cameraMode":{"drawMode":0,"name":"Shaded","section":"Shading Mode"},"sceneLighting":true,"audioPlay":false,"sceneViewState":{"showFog":false,"showMaterialUpdate":false,"showSkybox":false,"showFlares":false,"showImageEffects":false,"showParticleSystems":false},"in2DMode":false,"pivot":{"x":-65.70731353759766,"y":3.6509170532226564,"z":-1.0284091234207154},"rotation":{"x":-0.03127393126487732,"y":0.7390157580375671,"z":-0.03438880294561386,"w":-0.6720826625823975},"size":99.86420440673828,"orthographic":false}